,missing_pid
1,1z6fx3
2,2ghu5b
3,20myzo
4,26dvan
5,2pcewc
6,222ni6
7,220trw
8,2jfd16
9,2fkgfd
10,2ficq8
11,2qxgto
12,1ycl5o
13,1wia26
14,223b0k
15,2qnzoe
16,2arua5
17,2clzo8
18,2nchx0
19,21wp5u
20,21zlqy
21,2mp7p0
22,2en4dl
23,20nw3l
24,22idmj
25,2gcfnq
26,2ok3u5
27,27o9kw
28,294ydw
29,1wvnfl
30,223wiq
31,26k0bf
32,22gyia
33,2pkkyp
34,21x9o6
35,27zrmb
36,2mid90
37,2mr6dg
38,2383i7
39,21t9x6
40,2anmri
41,2c2pbp
42,29xc2o
43,1ww09m
44,1xpjb2
45,2bp2i7
46,2bq3hs
47,21z7lo
48,22f1qu
49,22gwfa
50,2lt58f
51,1yj6lr
52,22socz
53,2lxdef
54,6bfpi
55,698bj
56,75mcb
57,6h3vw
58,7a00p
59,6uqzr
60,75azd
61,6xng4
62,78f9a
63,226dx1
64,22iivy
65,6xkix
66,76js0
67,6ijc3
68,7ai5f
69,23cjom
70,22l0wm
71,64ctl
72,7cg78
73,6rfjt
74,6hszt
75,7431p
76,6pimi
77,1yjg30
78,1zfq8h
79,26omjr
80,1z3doa
81,5inffa
82,2le5he
83,2dbxrt
84,77tsa
85,78vzh
86,2ne58n
87,26naco
88,7m432
89,7caaj
90,7dgng
91,79ggx
92,76c2e
93,2inmjv
94,5ianan
95,5hvc1k
96,2ala6c
97,26d77y
98,27jnxd
99,22sgfs
100,26oscy
101,6vuy5
102,6l0rr
103,26k0d4
104,2khit3
105,1wh0c5
106,27amxf
107,24m722
108,7866x
109,7ecw0
110,6maaq
111,5fyujv
112,1v37m7
113,5gnwqd
114,2k0wtq
115,2le6iy
116,6evck
117,7h1wn
118,698kl
119,5inr5z
120,28f0mx
121,7a2fj
122,6lnay
123,6makq
124,7ahnv
125,6l2dh
126,7bjwf
127,64c3h
128,7aaw2
129,6ye8z
130,22qy23
131,6wmxv
132,754vs
133,770n0
134,22j2s5
135,20nbvu
136,64ecl
137,6cr5c
138,1zfad4
139,223bon
140,2lddos
141,5ehen1
142,2ocb1k
143,27vo0h
144,5au99a
145,23dkkc
146,20ng76
147,2bpi3w
148,5flcla
149,26dirq
150,5j5xtx
151,2a6hch
152,2psniv
153,5imk7w
154,281sf2
155,222f6l
156,5fhrk5
157,5grxp6
158,5gyogw
159,6hu97
160,6r9t3
161,79hip
162,6jyc9
163,79kia
164,7916w
165,2af7nj
166,7aulh
167,73v6h
168,6wjtk
169,7ko6q
170,21wza1
171,2mjy4d
172,2ga0mx
173,22i6cp
174,2bqael
175,1yc1lw
176,6vv5h
177,6z78w
178,6pjrv
179,2nc5aa
180,220hmc
181,21yifs
182,75o81
183,220th2
184,2nb6we
185,2c8am4
186,1z03ur
187,6ea8h
188,7awl8
189,75998
190,2g6wv8
191,22s5zv
192,2bux71
193,5ild27
194,21wun8
195,27v9xi
196,2mnqt6
197,2p2znk
198,2h8icj
199,2c19lo
200,2iqgx7
201,2en48w
202,2guwgp
203,22rp22
204,2qvnzc
205,1ycpg1
206,5ery3t
207,5cs34m
208,2mjm6z
209,75lwq
210,2mskqc
211,20mwsp
212,2qb8vr
213,2go4ey
214,7b77t
215,65ix4
216,6tobd
217,78kue
218,7icw7
219,27prcx
220,1y5eux
221,2gm8od
222,2c7xk5
223,21za44
224,27q1nf
225,223n3e
226,1wa02m
227,1yjbsa
228,27oyia
229,5cahiq
230,5fglua
231,226t2e
232,21tsyr
233,ba4mh
234,7es5w
235,7bfig
236,6a9aw
237,76nqk
238,5glmf8
239,5c7h1n
240,1yjm17
241,1xm0rq
242,220a3x
243,23dqxy
244,5ble6i
245,5flzwk
246,2ivz9o
247,2l4jqi
248,2qpt1e
249,22g2xr
250,22fyag
251,5j7k5y
252,1ysgvf
253,22ivci
254,2nep17
255,79iuj
256,78gfk
257,6gz1t
258,6tev4
259,67awh
260,6gxwo
261,7ay9g
262,2bxnfy
263,2qbbww
264,2qlwji
265,2f007l
266,1z6raw
267,2ebe3z
268,2qpqm6
269,227i75
270,2ca3pg
271,2fcm5d
272,2n5gzb
273,5799vc
274,5b3uax
275,5a6qoz
276,2odpf2
277,1yfsaz
278,b4use
279,22iryp
280,22ir9l
281,2551mx
282,239abq
283,2pd2hk
284,29vir1
285,239lyl
286,2buvfr
287,2fc4rk
288,1z1sdi
289,27a7mo
290,22ijzw
291,2ftk2e
292,57g6io
293,2euhg6
294,77gop
295,75ajp
296,775l4
297,7844d
298,6heq9
299,73o5g
300,295ien
301,2dc4t1
302,1yzomx
303,22s9gc
304,6yt55
305,6gxmq
306,78vfa
307,6pfmz
308,7a6ry
309,6l8g3
310,22lxwk
311,22ri7w
312,27nb7d
313,2275rf
314,1zfpx9
315,2o9muz
316,1vcwlj
317,2mrede
318,22lk6n
319,22rpus
320,27rl61
321,2mjsko
322,2psk0r
323,2boxoo
324,2203bs
325,56ru4g
326,22smv9
327,235cqn
328,20mmti
329,2boi6u
330,20mi7b
331,2c572c
332,6ts6w
333,6fn6l
334,7l38z
335,7au1b
336,7cawh
337,57wduy
338,7aofq
339,6u0cv
340,6eia9
341,6qrun
342,6lear
343,76s8s
344,6ox4v
345,1y5kw6
346,2pogxr
347,2qwerm
348,5fj2yy
349,2c3vko
350,26k071
351,2gk5sw
352,5e6jcn
353,2fks7y
354,2o95go
355,1y5f2a
356,2pl108
357,21uvtv
358,2ptv64
359,57iilf
360,29c4c3
361,1ycuei
362,22lk1u
363,94syu
364,56x6kh
365,27amxf
366,5ekn4q
367,2d6a42
368,57ny8e
369,2nl9j8
370,1yddeg
371,2ffdmz
372,22h47t
373,2fkdoo
374,2qww7t
375,22smsn
376,2jr53l
377,crit9
378,29dbf5
379,2au22m
380,2le6st
381,2qu9ci
382,2etolg
383,22s25c
384,2oaw2o
385,2le0ss
386,2fjj97
387,21yjzs
388,22rqbu
389,2q3db7
390,2dcqyb
391,2fz2ix
392,2hjhsu
393,2hsnuk
394,2pew3h
395,22spni
396,21ikm2
397,22hx0m
398,1v4t18
399,22iz0b
400,2dxqq6
401,21t83f
402,5ard10
403,2ldqf1
404,597nnp
405,1vcfzw
406,591rve
407,2fki5e
408,2gy37b
409,2qscvu
410,54kj44
411,51kpyi
412,2ndfuo
413,29yqe6
414,2oh3pa
415,2ldyju
416,58oz12
417,59bt5u
418,5a9cn1
419,5fhq25
420,d951h
421,24gfyc
422,azfnz
423,22sdqv
424,1yg30d
425,29uun4
426,2c4x5b
427,2e2702
428,1yd6v9
429,53nh32
430,2hf7dg
431,2fks64
432,2ar6cp
433,2bzm4z
434,5apzux
435,22092w
436,2274lo
437,222k89
438,58g1s2
439,5jjn8u
440,2af2t5
441,2a9zk2
442,2mayfs
443,5cpwt8
444,1yg30d
445,2mkhjm
446,dzp4f
447,55n40z
448,9c13l
449,2dc96s
450,2poyye
451,2c2sy8
452,29qepe
453,2eobdj
454,2fjul1
455,civcp
456,232zq3
457,1yasnv
458,2psj2e
459,1yb8b8
460,2cwoln
461,5jdxep
462,cheq8
463,22sszr
464,2owchk
465,1wzn89
466,21yjxe
467,1usu02
468,1yrb1g
469,2apigx
470,2gyx7y
471,1zh7d3
472,1z2wsj
473,242kcp
474,2ldzpk
475,2c2sgk
476,22tryj
477,2211gb
478,2plvm8
479,25xgvp
480,2pfiaa
481,22426i
482,21x3eu
483,56xj56
484,d9s4g
485,aqnh9
486,1ydcd3
487,227pfi
488,2hi9iu
489,22ihk0
490,21xx9p
491,250xaw
492,594vtg
493,22f1v9
494,22i762
495,27uspb
496,2dc46q
497,2235nf
498,2ej193
499,21zmd7
500,57r11w
501,22452f
502,1yfn06
503,54jo1u
504,53y1ar
505,22h3vp
506,dep0o
507,2oi4uv
508,2gzs58
509,53etk5
510,2quuid
511,223fm1
512,56no75
513,2af6pv
514,b7amn
515,1vpts3
516,2pqn5r
517,223p7j
518,52uzxz
519,2qv0q7
520,21l5aa
521,1aa4gy
522,1zfci0
523,2g4xda
524,22fvit
525,1z6crn
526,223x6g
527,2f5nfm
528,23kyzq
529,1wzjmy
530,dz3v6
531,b4s86
532,1z4y48
533,2bzj87
534,22ikly
535,e7ozu
536,1y1jiu
537,2mvco9
538,2fc04t
539,2hjbzz
540,23iuuv
541,2mo9at
542,7pmp9
543,2ozvhj
544,26k0di
545,22sem6
546,276tft
547,1z2s2c
548,26ou21
549,2h37it
550,2ox8oy
551,1yszno
552,270vx6
553,21x7vy
554,2gav24
555,1zfdqs
556,dt7j6
557,c7o6j
558,2lhh0j
559,2bxgkc
560,2k3uav
561,2fzamy
562,22rnpd
563,2ldqgq
564,1uuahy
565,1zfz24
566,2n2lqz
567,21uwrr
568,2q6dys
569,589pcy
570,22gv7w
571,223dli
572,ckcm3
573,220wq7
574,220fl3
575,23d3a7
576,2af6pv
577,1td1gt
578,22j906
579,2gb858
580,22igx6
581,18ktay
582,53mva8
583,27ani0
584,bqs8z
585,amgr5
586,d6yfa
587,53mk15
588,2q2q8c
589,1yfio2
590,2ee7j5
591,53l08l
592,2pspvs
593,2eney6
594,54qtw0
595,2f0qrl
596,2l6krb
597,276pfn
598,2p2lfh
599,2gataj
600,2hl9df
601,22p9zy
602,2lh5q2
603,20o0to
604,2cihgk
605,21tpc1
606,2pp7vs
607,22gtjn
608,223bon
609,2apjxa
610,2c4he7
611,e2eqn
612,2f0fad
613,2qte16
614,1zfu4r
615,22j2oe
616,2pt4b5
617,dglt9
618,b72ya
619,d87zl
620,dfq2i
621,bs0d6
622,1xhjh1
623,593y0y
624,220pgv
625,2j7mdv
626,1egdde
627,2eiszs
628,2247hg
629,23dr52
630,220r7n
631,20n6rx
632,1x1lkz
633,26dysc
634,23r1xf
635,29wgnx
636,23c7jv
637,2a8g6z
638,2bu8az
639,162yt7
640,1ho4l5
641,2le12g
642,2qwq1r
643,1yr78k
644,163pmm
645,932iw
646,bmhjw
647,dtt98
648,c7jbi
649,elpka
650,8w09n
651,ai7x9
652,2blyj6
653,2dfuyg
654,26osnu
655,2fkwp0
656,26toip
657,54nd7e
658,1z46lr
659,2qslea
660,18h7ry
661,22ston
662,2eum25
663,ckht9
664,1yei3p
665,2pdyub
666,2c1v3x
667,21z2nw
668,2d8dps
669,6vhne5
670,9kw76
671,7necx
672,1sjkm3
673,1mm054
674,9p18d
675,arvvv
676,2nc9nz
677,2ej6zr
678,214fym
679,2dcgn2
680,2g1gok
681,1yfuy7
682,2ls84k
683,2acdx0
684,2a2cii
685,2229wf
686,26k0yr
687,2p3g9y
688,fqx2z
689,23axxz
690,7rg8k
691,2ma5z8
692,2etcvy
693,f2cb6
694,2dfwga
695,2hckl4
696,1w94ri
697,cu6h6
698,1yc2ae
699,aemfe
700,1hm052
701,223uur
702,2q5lld
703,28em0m
704,a1c8g
705,1egaqs
706,1ghhyg
707,23d4n6
708,1f9ikv
709,1dkd80
710,2kk4p2
711,2205za
712,1daswo
713,atmbt
714,1yzlaa
715,6x3ll3
716,226rpu
717,8kz48
718,99o9u
719,22ruts
720,2j3pcp
721,2ift4b
722,1yj21r
723,6tj4sb
724,6v6ghx
725,eic52
726,27oxyh
727,24dcyl
728,22lg1o
729,2dgbob
730,7s7e6
731,9owzl
732,7xu3d
733,1s26tm
734,22gl4n
735,bzw0r
736,1t8jao
737,20mv20
738,ammg9
739,bacru
740,20mw5u
741,22zfrf
742,2eu75z
743,1erjjy
744,22ih7g
745,1ycw8w
746,2mohy2
747,2f409x
748,joqbf
749,jq2yp
750,1exx3e
751,2air9u
752,1acuwp
753,1m5ar1
754,1ac61u
755,8henn
756,2flhcf
757,22itbn
758,2qke9u
759,2fjjij
760,1fqjv1
761,15wiqh
762,22ivw3
763,7xtoy
764,2hii3s
765,224j5u
766,1z40p1
767,2qtusm
768,18ou7b
769,2p1oxf
770,2ijxrq
771,1g6rb8
772,d9r7s
773,ckhz4
774,jvagj
775,k4fei
776,9xm5q
777,1c2jng
778,1j55jf
779,1aby6q
780,1p2oos
781,1tgl0s
782,l73ss
783,1goe4z
784,1vbjcq
785,19e4zm
786,1ipn7l
787,1ef3zv
788,23cjyr
789,2o1d02
790,19mx6l
791,97th1
792,85xxj
793,8rhqw
794,1erg0b
795,22c5m8
796,2qsoaw
797,22s6ip
798,1t9v3u
799,1y54or
800,2aemww
801,6rf2eg
802,22h6q1
803,g5syw
804,2on3zy
805,1yciaa
806,21tusz
807,1vrdp8
808,18zls5
809,1eg2e5
810,1aa883
811,2ldzm0
812,1yj0qn
813,2ps8fj
814,18p1la
815,n5shk
816,b4qba
817,1yjo9e
818,6ttajc
819,jo1bm
820,1ebufs
821,1h12co
822,8i32s
823,8op7r
824,950bm
825,8g1gd
826,1t8upo
827,1kwsyc
828,6qiz3a
829,226uui
830,1exqvz
831,6tsg7o
832,1bx3ro
833,19tx93
834,220mcd
835,1e0ij2
836,1eg8dk
837,2cbfl7
838,6tlrp2
839,8qdvx
840,k5cue
841,6x5q90
842,fv1hk
843,jlgr1
844,6rc3n8
845,224a2g
846,19mx6l
847,tca0i
848,1m8owx
849,2fldqj
850,jrsrw
851,6rwihl
852,90p8o
853,2gz4pr
854,1fvkwe
855,2neqcm
856,2cblom
857,2fjx7w
858,29q5ot
859,20nzie
860,7rgm5
861,1er8mm
862,jtq2z
863,1fn6r1
864,1djplo
865,194phg
866,23ru5r
867,8s2re
868,223je2
869,1hq86q
870,29bfrt
871,2enflh
872,6ruf47
873,gplwz
874,l3y5v
875,1e80li
876,1bwsls
877,1dc2j5
878,pyyt2
879,13efld
880,20my6a
881,1actvy
882,fvlgz
883,f5p6a
884,1bk3di
885,1fp4om
886,1e8zec
887,1eg5h7
888,1ex0tk
889,18wl4z
890,1l70ty
891,6rdhyi
892,1n3x9z
893,jxh8a
894,16tlwx
895,g8qd3
896,t6fds
897,jq9df
898,2g9xcm
899,1suzqs
900,1tf7xa
901,1egdzl
902,1eg5ai
903,1gu3f8
904,1aa69m
905,6wmutl
906,1quhln
907,1cfls6
908,1bx26d
909,1guge9
910,9mu5m
911,6vbap0
912,jpyem
913,18zdpm
914,15rnvp
915,22tmuj
916,2hzdrt
917,1snlbg
918,6vg52n
919,6vq9y4
920,1egab3
921,7s7k9
922,8i9xu
923,tg7qt
924,6sjf1n
925,1bwunk
926,1i223j
927,18gyvj
928,1ib4f6
929,1esuom
930,gyf53
931,jnw83
932,gz999
933,f9c7c
934,16nf3n
935,6s4eae
936,16p8hy
937,1eijt2
938,1i01q4
939,1ab35z
940,1pg3mx
941,1acw97
942,fwx1f
943,1e7yiv
944,g3vou
945,ir7ym
946,mmg8t
947,1ctvp1
948,1a7wru
949,1dsjce
950,1s3c4i
951,1gnmv3
952,7nfc7
953,15q2bd
954,1fncf3
955,gvog1
956,gw3up
957,ndvry
958,4iuv4y
959,18tp8c
960,1efn8u
961,6uaq97
962,6rk2b3
963,6s39s0
964,7vm4o
965,mrcdh
966,l1v4x
967,4bs9t9
968,6sluir
969,6qvm0e
970,nhw7a
971,1zfehd
972,1ww5fq
973,4kn96y
974,z6o4m
975,2249u4
976,22loe7
977,4gt9wq
978,1efxxe
979,1c13lo
980,41dzxh
981,6lfyd8
982,1ofw0v
983,1gc02q
984,4eq8d9
985,sz1wg
986,jrsrw
987,tgkz4
988,89rmd
989,6vb6og
990,18w1k2
991,4yqmfc
992,1qy0lo
993,1c4rb9
994,tcx1j
995,4jp251
996,ho5ic
997,4nqu0y
998,25250r
999,1gryu2
1000,1gau7d
1001,w66ut
1002,1dme6j
1003,4utf8j
1004,3w95ni
1005,3x6b2l
1006,3ydk9z
1007,25a0jv
1008,2lbckf
1009,4htul6
1010,1e2eo6
1011,x0mdx
1012,1e7ahi
1013,4p0g34
1014,lcny1
1015,syy6c
1016,k7q07
1017,g3lms
1018,4qlji2
1019,2qjdvf
1020,2ancl4
1021,1ycijy
1022,2q64l6
1023,flz88
1024,g51hu
1025,ho34o
1026,4iudcz
1027,sz38m
1028,gxq1h
1029,3lxoip
1030,3mhbin
1031,3kdmkw
1032,4c548i
1033,4q83pc
1034,4dpv2g
1035,3ijzmd
1036,s48z0
1037,4c0bix
1038,4z1tg2
1039,2leqe9
1040,2dg736
1041,4jgqjw
1042,1p2pfp
1043,sonn7
1044,yo04y
1045,1acvdp
1046,subyi
1047,4mx37z
1048,r4tfj
1049,3i1luv
1050,3i9op3
1051,3rh0vl
1052,3t6qq7
1053,3tp9yl
1054,fn5kg
1055,4jolej
1056,3zbuo2
1057,1eebs1
1058,3ys5o2
1059,3l5gb0
1060,4m9qap
1061,442eqo
1062,k1bij
1063,37c3nr
1064,4efofn
1065,scsnu
1066,4aaofp
1067,mpxo5
1068,3s61f7
1069,4kvc08
1070,3u1sqb
1071,3tbers
1072,3rofci
1073,4iue0j
1074,316pjj
1075,49dc4x
1076,1bwuyk
1077,415iqn
1078,4rnuwn
1079,43r780
1080,4ioonx
1081,4yyfs6
1082,3ly2ym
1083,3loqpi
1084,2zo09t
1085,4ji5n7
1086,1gsccj
1087,sp6cv
1088,495ghf
1089,4f570h
1090,3rs73a
1091,3wumhp
1092,18kuj8
1093,4vd6ag
1094,191xas
1095,3xcifa
1096,3xs2u8
1097,3aeowy
1098,3ab15q
1099,3b730i
1100,3x7o4o
1101,1kssry
1102,4blrcu
1103,4bw91f
1104,1grpvp
1105,3aqx0g
1106,3aacs0
1107,4bnw9q
1108,swdti
1109,3rofrx
1110,3d4dgv
1111,4qnjrq
1112,4z5vqx
1113,3xyagj
1114,3wzeq2
1115,4ga1ie
1116,3xc8oe
1117,31n899
1118,32kkpe
1119,mgmcp
1120,4fgok7
1121,4hkqbj
1122,471wjo
1123,4q7oey
1124,1e2dm6
1125,2usn3z
1126,3jcgxg
1127,3jizc7
1128,3magd0
1129,3luzz3
1130,4r785e
1131,41y7eu
1132,4lx3zk
1133,3ghi4t
1134,4blnbo
1135,4shlda
1136,400huq
1137,4gyvlb
1138,40dl8d
1139,ynwcf
1140,3a1ohh
1141,4j29rs
1142,4m1jpi
1143,3sh48s
1144,1tj86z
1145,3vzc7y
1146,3wra04
1147,43ts6y
1148,3j3v1b
1149,3gex5a
1150,4flec5
1151,188p5v
1152,3vxwxk
1153,3s9hmw
1154,3ubunz
1155,3ja6aw
1156,3l1rhw
1157,3lpjjo
1158,3m2hxp
1159,4f2b5r
1160,4gnnf9
1161,3foaff
1162,3g43rx
1163,4e2alm
1164,4e3y3x
1165,3ys9j7
1166,3uxz6b
1167,3x7n3k
1168,3q88ay
1169,3qak12
1170,3q8f8t
1171,4lpfjf
1172,1buqwc
1173,1bkxvg
1174,3ke7bo
1175,3jugcv
1176,3m7cfc
1177,3o03et
1178,3opgdo
1179,4d0ek0
1180,4f34t9
1181,unrxq
1182,4ux9ur
1183,3xrgfk
1184,3vallh
1185,3x2aqv
1186,3aoxso
1187,2y2g0c
1188,3mgrz2
1189,3j8542
1190,3kw8wr
1191,3vsdzf
1192,3ipnvb
1193,2xcpag
1194,30a1qo
1195,2xnoeo
1196,3s58fj
1197,3wqb9m
1198,4sno6p
1199,2xrz9a
1200,4npv81
1201,3uwp25
1202,3vq8zv
1203,3vria5
1204,499a0q
1205,43txkd
1206,394t44
1207,3lszf1
1208,2u7ue1
1209,35wytd
1210,4o39am
1211,345yab
1212,1tjwed
1213,3w7vr5
1214,3x0ejk
1215,3t611q
1216,3tvb4j
1217,3se7vn
1218,sa8v5
1219,3wa76y
1220,3cipu7
1221,3duu24
1222,4my545
1223,3xxefq
1224,3yh9rl
1225,3lxo9w
1226,3l14t6
1227,uzt26
1228,tpqtc
1229,385opi
1230,3bkh73
1231,39dz7a
1232,3qgwg9
1233,3rli7o
1234,3tbuxu
1235,3t8p1k
1236,3a75dg
1237,3qyf0p
1238,3u06f1
1239,3u4ygf
1240,3qy08v
1241,3t0wzl
1242,3d8foz
1243,3di5fg
1244,3m7vsh
1245,3evsx3
1246,3f5w33
1247,3kpmeq
1248,3y1piz
1249,4uh682
1250,3qe8m8
1251,sqvxr
1252,3xso38
1253,3tc1hw
1254,3rd2dq
1255,3tf0bu
1256,3m6jjd
1257,3xchib
1258,3g4g8a
1259,3axcw8
1260,4yqcs2
1261,4jpqc1
1262,4jl5xv
1263,47tqot
1264,4dk51p
1265,4glqht
1266,4rdncn
1267,481h5p
1268,443txa
1269,3wrwtc
1270,3vz1jq
1271,3xbmc0
1272,3wqj7o
1273,3tzolf
1274,3u5r1p
1275,3srh6k
1276,3t9qos
1277,3t62we
1278,3rke1i
1279,40oaw8
1280,3zpwf7
1281,4uinnz
1282,4bsd34
1283,tru7g
1284,3j95vw
1285,2zlfod
1286,4rnm2z
1287,3m2gcd
1288,3lx7hh
1289,34iax1
1290,3v646s
1291,3hogpa
1292,3ikmxg
1293,3i8mp4
1294,3hzfb0
1295,3ijs9a
1296,34hzfn
1297,4amvix
1298,3vsbxy
1299,3vz2zn
1300,3uz7m9
1301,3v98uz
1302,3xtjs0
1303,3yovel
1304,3xqshk
1305,3pwg4c
1306,3pr9s4
1307,3npgtl
1308,4mcmdd
1309,s1q6e
1310,3vzvog
1311,3vx6gq
1312,3w1wpk
1313,3ses6d
1314,3t7eb1
1315,3tuzyf
1316,3r7iv7
1317,3vgalr
1318,3vwpkc
1319,3xzxeu
1320,3xcf58
1321,34ediz
1322,3ud9gt
1323,3t2ern
1324,2zl85q
1325,2takw0
1326,3s8ll6
1327,4257bf
1328,4jx0wg
1329,2zkhet
1330,2zgcy7
1331,3g8xcy
1332,3c9qvy
1333,jtj1r
1334,35aizt
1335,3yo5r6
1336,3ytroc
1337,3jd7cy
1338,3kbjbz
1339,4qqo4n
1340,3lz06d
1341,2yfnlu
1342,30mugh
1343,3facle
1344,3dgkr0
1345,4e8vi6
1346,3mu0ri
1347,2wur7z
1348,2xclak
1349,3bcd9y
1350,3u6d9h
1351,2ta7m4
1352,3bk7lo
1353,2rmgra
1354,2rj6pl
1355,3tviz0
1356,3sgby3
1357,3tct58
1358,2w23zz
1359,3ddcpw
1360,3duwb5
1361,3uv0fr
1362,3tff5c
1363,3cfdd4
1364,388s09
1365,3b6utt
1366,3koa13
1367,3kev21
1368,3k5kkl
1369,3povfm
1370,37fwwz
1371,3b2j9v
1372,3a5jzn
1373,39fx81
1374,4569zf
1375,45dpvq
1376,3knxke
1377,3kk0yk
1378,s23ob
1379,3hchz8
1380,3fyi11
1381,3i1lma
1382,3xyi68
1383,3w2s7o
1384,4jkuzs
1385,3x54u1
1386,3vt06y
1387,3lxc3z
1388,3krnts
1389,2x122x
1390,3x7lvo
1391,3x4p81
1392,3cary8
1393,3d82vc
1394,3br0uh
1395,3m6rku
1396,3lf4rg
1397,3lvx56
1398,3taoth
1399,3ucs0k
1400,3tg6p7
1401,3rig4p
1402,3km48w
1403,3m8agp
1404,3ki0n8
1405,2y4v8m
1406,48rpx1
1407,31vidl
1408,3rho7w
1409,39khut
1410,40lfoh
1411,2vtknh
1412,40qg4t
1413,4kl4qs
1414,3u5mkl
1415,3fyq5d
1416,3hw7by
1417,3ieq4s
1418,353hrf
1419,3jaqxy
1420,3lwnhh
1421,3m6d4r
1422,1t97bt
1423,3wtgms
1424,3wiu4y
1425,3v3trj
1426,2wly47
1427,3opzq5
1428,3x5blc
1429,3ypo66
1430,3xnijh
1431,3x67w6
1432,304g58
1433,2xahyd
1434,4ixkgq
1435,3pn31z
1436,3ulx4r
1437,3svetb
1438,3sz3mv
1439,4z1ejb
1440,3m5jsc
1441,3ku71v
1442,4bti67
1443,3u7rw1
1444,4uijlx
1445,33ps2k
1446,32dkrg
1447,32ntdb
1448,3fak77
1449,3ef3yp
1450,tejbm
1451,37hh9g
1452,30db5d
1453,2ydns8
1454,3t38mx
1455,36ht76
1456,3vq0d1
1457,3uz0zj
1458,3vxnjv
1459,3wi970
1460,33cfvm
1461,3tvi4b
1462,3tbfrk
1463,3xcsod
1464,3vwhmq
1465,3x85tj
1466,3ratpx
1467,47jbve
1468,3w4kp8
1469,3xckdb
1470,3wx9rw
1471,4kp5lb
1472,3i5u86
1473,43qwh5
1474,3x2g99
1475,3yps1y
1476,3wj07o
1477,3w9eq6
1478,3y5mgy
1479,3wqfc1
1480,2zmtxm
1481,2zkdfn
1482,2xrzhg
1483,30cqtl
1484,2xvacx
1485,3f6td7
1486,351em7
1487,3ipppx
1488,3i5gtv
1489,3vpggn
1490,3v2xkz
1491,3t4zc9
1492,3u2ztr
1493,375ejj
1494,2sk11r
1495,30u327
1496,3nr7z0
1497,2yjm4x
1498,3x8d0l
1499,3cq8ur
1500,3jcngv
1501,3msfia
1502,3y4sul
1503,3t6gd4
1504,3tbu82
1505,34htf3
1506,35y9i5
1507,37ge66
1508,4jlsui
1509,3426zc
1510,2uzaiz
1511,2w2hol
1512,2vrg4y
1513,2wlhr2
1514,47p3t9
1515,40nsdw
1516,42zlk0
1517,4eqfwg
1518,2rqr9t
1519,4d6s8j
1520,3psbja
1521,2uz8bq
1522,3xyufp
1523,3yn7do
1524,3vru4j
1525,3yl03u
1526,3yrjti
1527,4blqpg
1528,4khmdc
1529,3d2k45
1530,3i7me3
1531,3hpfcs
1532,34itlx
1533,34yyhx
1534,351l79
1535,49w4d1
1536,f6835
1537,4mjy12
1538,4mddg2
1539,2tgvvx
1540,2rsajc
1541,3rhs4a
1542,3tc96p
1543,3tjq9l
1544,3t6yj9
1545,3rrifh
1546,39preq
1547,nihkd
1548,3v00w2
1549,3vwrcm
1550,3xqxfl
1551,4k1tic
1552,34y4jf
1553,3t9jcv
1554,3790a6
1555,34h77r
1556,3eiyx9
1557,3ccl4a
1558,3d94xf
1559,3bv8oa
1560,3e24ed
1561,3psacr
1562,3q7ldw
1563,3i1lj2
1564,3ikz5y
1565,3tan1z
1566,3rn3ma
1567,3szf98
1568,32mpln
1569,3vtcru
1570,3v9vry
1571,3vx6er
1572,3voulu
1573,3xtyh7
1574,3x2kr7
1575,2uqjey
1576,4i0iuc
1577,2yw3i5
1578,4fht56
1579,4hny5n
1580,4idd96
1581,3ikv8g
1582,3hy1si
1583,3i1lnv
1584,31ms9j
1585,2sxky1
1586,2u8bnw
1587,2rj6pl
1588,2zj20v
1589,2yslm4
1590,2zdspz
1591,2xyngt
1592,3d8ayi
1593,3dd4zv
1594,3et4nh
1595,3d9hv2
1596,4fgy6h
1597,3nuaty
1598,3eonvc
1599,3uufec
1600,3wu1by
1601,3x29p7
1602,3kq2xo
1603,3k4p32
1604,3u5fn3
1605,3qgr4w
1606,3nttxj
1607,3vaako
1608,3xcemq
1609,3x1iqt
1610,3a9z8u
1611,3rgzft
1612,3xb4xw
1613,33rvet
1614,46e899
1615,3mktq2
1616,3kcsv8
1617,3lu66v
1618,k1p7w
1619,3j0ywd
1620,369da8
1621,2zmi9i
1622,3mbcpb
1623,3j4h2y
1624,3f1ciw
1625,38o43q
1626,395ewf
1627,3bjdxy
1628,3jlg9n
1629,3qcare
1630,3j6xmq
1631,3mory8
1632,2rj3hi
1633,3t5dpg
1634,2skycb
1635,3u3edk
1636,3v7nxh
1637,3yuf6l
1638,3vesaw
1639,3uwdup
1640,3wx98m
1641,2y3qep
1642,3zcwad
1643,4gy77b
1644,2yfrpu
1645,3a9z5c
1646,2tfuhq
1647,2uz66f
1648,3uudrc
1649,3t7mw4
1650,3u2rkw
1651,3lvkga
1652,3d3aur
1653,3ebmjs
1654,4fgim9
1655,3tko1o
1656,3tc8mp
1657,3cjl3p
1658,3v3bpg
1659,3x5d59
1660,3j3zpy
1661,3mvezu
1662,3xd02y
1663,3v6xve
1664,3vyf7b
1665,3vqj5v
1666,361phv
1667,3qkq9j
1668,4df8d5
1669,2y572f
1670,3pshsz
1671,3n5hla
1672,3o39xb
1673,3hzb4c
1674,3h8jk9
1675,pj75v
1676,tpjlm
1677,34q2fi
1678,t0vdx
1679,4ic580
1680,2smbgw
1681,2za72h
1682,3biep3
1683,3ex772
1684,32ocqt
1685,31qt32
1686,3dgmst
1687,3dtszh
1688,3ewlqh
1689,3fkpm9
1690,3i1lln
1691,3ilq1m
1692,3zeed8
1693,3rj2yd
1694,2x13i2
1695,30spss
1696,3jgo63
1697,367bfj
1698,362hpn
1699,3sjzuc
1700,3tf58r
1701,3u1369
1702,3rk66a
1703,3rojvq
1704,32sw9j
1705,spe4x
1706,3fdg5s
1707,3iftxw
1708,3icl4o
1709,3lsgfq
1710,3kw8wr
1711,3t64ld
1712,3ur7jx
1713,316oxn
1714,34d6ts
1715,3b6h70
1716,31uyib
1717,31v42j
1718,3f5gvu
1719,3xsnxw
1720,3y3nmf
1721,3v3hxj
1722,36a0k1
1723,34xhpf
1724,3i1lmy
1725,1dhuf6
1726,3ppn0w
1727,3hyzdc
1728,2rjdca
1729,2x5ag4
1730,3jcjgq
1731,3j9nd7
1732,3qkiwz
1733,3kbqa2
1734,3m6poh
1735,32ah1a
1736,33p306
1737,3uzikx
1738,3xcay0
1739,2y2eel
1740,2zcspe
1741,30qfst
1742,30dgbz
1743,4gkugk
1744,34vslh
1745,2znbo9
1746,3t5j32
1747,3u5i33
1748,3ja3o3
1749,3qeia7
1750,3wa7xk
1751,3v9dkk
1752,3x5fha
1753,2s5g55
1754,2x4477
1755,3ifw3v
1756,3ig54w
1757,2xseso
1758,2zwirb
1759,2y4xeb
1760,3eux61
1761,3dqs3k
1762,2rjz7w
1763,3ihyz5
1764,3hpfzn
1765,3o7duo
1766,3pkrg2
1767,2xsqvc
1768,3q9go1
1769,3dz8xd
1770,3tgzkq
1771,3tanlz
1772,3t8p1k
1773,2ys8l7
1774,380mlx
1775,39sido
1776,3c8l5u
1777,3dgj9g
1778,3dc4x2
1779,3wifcy
1780,3x0y95
1781,3j7p2k
1782,3lp1vd
1783,4iiobp
1784,3fo09t
1785,3fyje5
1786,39w3aa
1787,3bmyjg
1788,4nannh
1789,3v7h5c
1790,3v8e34
1791,3wg9n2
1792,3dq7aw
1793,3vsvto
1794,3uy9zl
1795,3w8pgp
1796,3axvnw
1797,34hylq
1798,41u2t1
1799,3z53ul
1800,3t2gwt
1801,3fqm7m
1802,3gh8f4
1803,3igv66
1804,3hyro6
1805,3kqi34
1806,3sj4oz
1807,3tcy21
1808,3ta7fl
1809,316znv
1810,4y5atz
1811,387iqf
1812,3rdnn7
1813,3t6c5z
1814,3t4677
1815,3rvhux
1816,3u8eul
1817,3t08i3
1818,396sj9
1819,409qjm
1820,388lo6
1821,3q93yt
1822,3797s7
1823,3tbfrk
1824,3us1ao
1825,3s78bj
1826,2t9lyk
1827,2z3ref
1828,2y1l8s
1829,3mtpul
1830,3ewlpy
1831,3epirn
1832,3dkye5
1833,3dmx7r
1834,30h4y6
1835,2zkqyb
1836,3g0pi7
1837,3ejmp0
1838,3kntov
1839,31n9tb
1840,33guu1
1841,3k1pgb
1842,3i1grc
1843,3i3k7r
1844,3foz49
1845,3geq56
1846,3iie2i
1847,2x5aj4
1848,2v76ix
1849,3i1lu3
1850,3g0o5e
1851,3g2kj9
1852,3btpba
1853,3hyw7z
1854,3g3e6c
1855,3bles4
1856,3aa78q
1857,395s3g
1858,3a5c9z
1859,2t7xy0
1860,3efu9w
1861,3s5wz2
1862,3br7rk
1863,3f2brk
1864,3f3fa9
1865,3de3mi
1866,3dgorn
1867,37gmj7
1868,3evvpr
1869,3ig5hb
1870,3im7lh
1871,3i1lo5
1872,349qhm
1873,3prguu
1874,2z7fms
1875,34ilh8
1876,3ke0wr
1877,3lb6xg
1878,3jcc1m
1879,3di6b8
1880,3t46ft
1881,3tw2sy
1882,3ut9fv
1883,3i1ljs
1884,33y5ae
1885,33pbsl
1886,32teg6
1887,teuiv
1888,3jbunl
1889,3k861a
1890,3m6qlg
1891,3kix5x
1892,37fxxd
1893,3vq0n5
1894,3vya2w
1895,3veb18
1896,483q28
1897,33bzkt
1898,349odh
1899,3lyovf
1900,3ucrok
1901,3dqiun
1902,3i5r35
1903,3hytgx
1904,3224k8
1905,2utwme
1906,3lx3vb
1907,3x3u4t
1908,3w2cuc
1909,3w9as0
1910,tp7i9
1911,3fy7zg
1912,40n2t5
1913,3kunxj
1914,2y2m1m
1915,2xbk5m
1916,4f3pyb
1917,31yf7l
1918,3ridge
1919,2y37oc
1920,2zncxt
1921,3wd5ap
1922,2xclak
1923,3pou7r
1924,3d474t
1925,3d4471
1926,3knszp
1927,3j8gpd
1928,3x4ryb
1929,2xayhv
1930,3x7f3i
1931,3kpqfd
1932,3q90op
1933,3phydt
1934,3vx9uv
1935,3uvo3j
1936,45vqp3
1937,3cbxuo
1938,3esypz
1939,4d6sju
1940,sxxsz
1941,3uviro
1942,3xuil8
1943,3xrcv0
1944,2xcdmg
1945,3dgucs
1946,3er8hq
1947,3caabq
1948,3xb1w2
1949,3xrc93
1950,3v0fxw
1951,31wcen
1952,2vstn7
1953,3dtrrf
1954,3dwcpt
1955,3bqzbd
1956,3gyk0s
1957,3fvl39
1958,3fz1xo
1959,3fowxw
1960,3fx1x6
1961,3u1fzo
1962,3d8p4r
1963,3f4v2n
1964,3u3ktz
1965,3t8p1k
1966,3u0oj3
1967,3bhs8y
1968,34xzev
1969,35x977
1970,3vw247
1971,3vxn9u
1972,3ys0xv
1973,3t29b5
1974,3tcep4
1975,36qvyi
1976,3.16E+81
1977,3x004o
1978,3vt3xp
1979,3v6z6u
1980,3g1gyz
1981,3iknp0
1982,3foatc
1983,3fwcf5
1984,3hqlf6
1985,3ln6h2
1986,3j9zw7
1987,3l77mz
1988,3lul6z
1989,3ypmrj
1990,3wai5i
1991,3wyz5l
1992,4ss75l
1993,3ap4d0
1994,3xv7kp
1995,2vdmfa
1996,2xpz78
1997,2zhc6u
1998,2rsla3
1999,3oyp3r
2000,3nw256
2001,3nyerz
2002,3t7nrt
2003,3t3sma
2004,33h4wc
2005,4gwtom
2006,2xd0g9
2007,3ozkqs
2008,3c9pjw
2009,4bvwh8
2010,3ls4e6
2011,3m6ut9
2012,3n6a7m
2013,3bmmyp
2014,3pter6
2015,3pocu8
2016,3ko1kk
2017,3k7z5c
2018,3mhre4
2019,2y3blm
2020,3vrl0l
2021,39yodl
2022,3i1c78
2023,3fhl79
2024,3rrpo5
2025,3s4y41
2026,3tapv8
2027,3gylag
2028,3ijwaf
2029,3vpr6y
2030,4jlovd
2031,3fa4f1
2032,3ew1iu
2033,4bolp1
2034,3xs5do
2035,3w0jo5
2036,3ymquo
2037,3nro9q
2038,2slt64
2039,3yvlto
2040,3xe91f
2041,3u65xp
2042,3q9arj
2043,2x9j0u
2044,2urh1s
2045,3ilv3g
2046,3ftq20
2047,3mbn21
2048,3l00a7
2049,33cjfk
2050,39g086
2051,2x4jh4
2052,2r0ubb
2053,3pr93m
2054,3nu2ge
2055,2y57jd
2056,2yu1ln
2057,2uiwh7
2058,2we28r
2059,31jzcf
2060,3x2fpo
2061,3yrv93
2062,3v0dur
2063,3wbrj3
2064,2sj2fz
2065,2vgfgp
2066,328dmd
2067,3t204r
2068,2uuxsx
2069,4e8s30
2070,34y0y2
2071,31mc4l
2072,32k53g
2073,3d4j13
2074,3cayy3
2075,3d1tf0
2076,3im4sk
2077,3hzobz
2078,3hyxqr
2079,3240qm
2080,3412u2
2081,47zv0w
2082,3ca6o0
2083,3f5t2u
2084,3dg4a5
2085,3j1npv
2086,3qcj7h
2087,3m1pak
2088,3kegil
2089,37lldj
2090,3hpe7y
2091,3bptql
2092,3bfthg
2093,2wcjdb
2094,2slqhs
2095,3btkz4
2096,3f1kjb
2097,3i1llj
2098,3hvyzv
2099,3g03vn
2100,30d8ue
2101,2tan9q
2102,3h9iym
2103,3nsx2t
2104,3d4xae
2105,3mbkjb
2106,2s5nxb
2107,2sinjo
2108,3dts6e
2109,3aa49a
2110,387phv
2111,2s5z0d
2112,2slgt7
2113,2r0yl6
2114,3t317q
2115,33cgj6
2116,32k4t4
2117,335f86
2118,337gb5
2119,3i1ljj
2120,vzf59
2121,3tzfw6
2122,2xay4r
2123,35pedy
2124,2xlew2
2125,2xwmsq
2126,2zjajf
2127,4hin59
2128,34pzzw
2129,3qtvho
2130,3pmi30
2131,37k1ud
2132,3imesx
2133,3ew25a
2134,3domy4
2135,3cahiv
2136,3ujrqc
2137,3si7fz
2138,3pnhlf
2139,3ps3bv
2140,3plfni
2141,3x2dud
2142,3sjidj
2143,2zpol8
2144,349utv
2145,33p02a
2146,3qjads
2147,3o84n5
2148,3n7n2w
2149,3g9lyo
2150,3i1lqm
2151,3t6se1
2152,3tuv3i
2153,3tbuv8
2154,3w33dv
2155,3fugig
2156,3i63kl
2157,33l200
2158,3dqiun
2159,2z830f
2160,39aoih
2161,3bmlb5
2162,3evvpr
2163,3d4kpu
2164,3f4idn
2165,3utpd1
2166,46nx6c
2167,3umtyl
2168,378z2o
2169,39ae7k
2170,3bh66v
2171,3fdljt
2172,32kzvt
2173,3ux39q
2174,398oh5
2175,2z8krp
2176,2xvgvj
2177,3fndk4
2178,3vz4v0
2179,30sqwr
2180,2xxka4
2181,2y2n6i
2182,3wad45
2183,2xsc3z
2184,3wz16b
2185,3yn11p
2186,3v5502
2187,3ygovs
2188,34kce7
2189,37kq41
2190,3o6rkv
2191,4mjjmo
2192,2zbx3d
2193,2uzqxi
2194,2xc93z
2195,2utctc
2196,349g2d
2197,3ias75
2198,3npm2q
2199,2tyox5
2200,2sj7lm
2201,2wq1uk
2202,2ri427
2203,2s4j54
2204,3a59su
2205,36ihza
2206,4m0ddf
2207,3cowe6
2208,3tczl5
2209,3gli0k
2210,3ihrz9
2211,3fzqwt
2212,3io78o
2213,3i1hqr
2214,3frr2v
2215,3igtlt
2216,3ic9ay
2217,3v7d9e
2218,3xaxgu
2219,3tflrh
2220,3stun6
2221,3tains
2222,3a1061
2223,3qf6h8
2224,3o640b
2225,3ujtih
2226,3tc32b
2227,3ae2tf
2228,2vje22
2229,3hylmc
2230,3fv81d
2231,3buw41
2232,3jc4z5
2233,3deloy
2234,3cgq8j
2235,3jd1ke
2236,3j7i4e
2237,3f5imm
2238,3eml5g
2239,3yhcb2
2240,3io7k4
2241,3hpqos
2242,3m631p
2243,3lfeu9
2244,3kcfln
2245,3j5wov
2246,3l5lh6
2247,3k9lbw
2248,3nn3yw
2249,354y40
2250,36uh3l
2251,3oyass
2252,3ncnmx
2253,3qk7r7
2254,345db3
2255,3imqar
2256,3i1lo0
2257,3i3xjj
2258,3fcr1y
2259,3j15fb
2260,3ibala
2261,32da95
2262,324lzp
2263,3j2h1d
2264,3i1hjj
2265,3hpeh8
2266,3b6y2o
2267,3b4ifn
2268,3qrp8b
2269,3ddfem
2270,3cssby
2271,3evrr6
2272,2zknx7
2273,3lplt9
2274,3m8neo
2275,3k8ctt
2276,3lwatt
2277,3ibku6
2278,3g42kk
2279,3lyen7
2280,3knp5t
2281,3nxgvu
2282,2xbtae
2283,2wjbtx
2284,3g0h8v
2285,3j0hui
2286,3i3rkv
2287,3t574n
2288,3se8xv
2289,3ty4ag
2290,2xnukn
2291,2zaulj
2292,3la04u
2293,3iqncy
2294,3fno2z
2295,3gm7mj
2296,3ggtxw
2297,3gy0jb
2298,3gh0ew
2299,3fnum3
2300,4f2b2o
2301,3x8qnj
2302,3wwwoj
2303,3ca01a
2304,3w7ui2
2305,3ysf0f
2306,31j16n
2307,32e405
2308,4bvzka
2309,2y4w3p
2310,2zga5c
2311,3lxqi9
2312,3rhyw3
2313,3tatui
2314,3u0uxd
2315,37kyeu
2316,32n5h4
2317,3semma
2318,3b3eqf
2319,3b6ncp
2320,3luv8i
2321,37p9av
2322,2ta4qj
2323,2t6obq
2324,3wgrbr
2325,3vxh0z
2326,3yrxlp
2327,3v8jb4
2328,q49pt
2329,3ew904
2330,395wpy
2331,3amrvn
2332,3878w5
2333,srjfg
2334,35xfzo
2335,3six8k
2336,3rqsbl
2337,2rrca5
2338,2trckq
2339,2u6gvc
2340,3lam9s
2341,3cfifw
2342,3m8j1c
2343,31ktjc
2344,3c8zdd
2345,3d97zp
2346,3diote
2347,2xzzkd
2348,2xo696
2349,2yv8sx
2350,2z8qaq
2351,2zda17
2352,3j3518
2353,3ffew8
2354,3253ig
2355,3xujw6
2356,3wv9vk
2357,386jpy
2358,2rsr8r
2359,2vgfwm
2360,3z0mfm
2361,3dnewc
2362,3e6ahw
2363,3dvgv2
2364,3dd87f
2365,3d50lb
2366,3et4kl
2367,3et9i2
2368,3ax823
2369,38ecza
2370,31qrh1
2371,3bi6w0
2372,3i1lv6
2373,3i1lv9
2374,3j2cxn
2375,2xc9yr
2376,3x3hr3
2377,3ww9w0
2378,2urs76
2379,3jqmuf
2380,3m6taa
2381,2uv9du
2382,2v70fi
2383,3w2prc
2384,2saasa
2385,3xwliv
2386,3x9erm
2387,3vjz15
2388,3vvve0
2389,3a1b2f
2390,39fphd
2391,3nc8pv
2392,3pkxjt
2393,3pwall
2394,3pl9kq
2395,3i1ltn
2396,3hwp46
2397,3j2e00
2398,3ijh1k
2399,30d5m2
2400,2zo4y9
2401,3hxzhf
2402,3u5zr9
2403,3tjzrj
2404,3tt01w
2405,2y4q73
2406,3ql0pe
2407,3k6c79
2408,3878w5
2409,3aay5b
2410,3bj71t
2411,3jhoh0
2412,3k4k1g
2413,3lt259
2414,3kbm6j
2415,3fxutr
2416,3dvgqt
2417,3co6j5
2418,4wh177
2419,3m6zoy
2420,3ekl9d
2421,3dh34y
2422,3dl8d6
2423,3cetir
2424,3i1lrx
2425,3bjbgt
2426,3242fa
2427,2zkrl5
2428,3n6nzx
2429,3n53qx
2430,3nc6pv
2431,3do8g4
2432,3dd824
2433,3evqw0
2434,3cjaoz
2435,2smkrf
2436,3dngnb
2437,3browp
2438,3d57fi
2439,3g7y12
2440,39ko9c
2441,3a0pxj
2442,3e6ko1
2443,3f1m8t
2444,2y2mtt
2445,3fj6pl
2446,3ik8af
2447,3g224c
2448,3gdmff
2449,2t85gn
2450,392bxl
2451,39222m
2452,3l6eyr
2453,4jxf8n
2454,3vw3ez
2455,3k89ps
2456,3m5bty
2457,30so71
2458,2zohew
2459,3005qd
2460,30sd9q
2461,30ddfg
2462,3x7bic
2463,3x18v8
2464,2x566o
2465,3hadz5
2466,3hl80m
2467,3rft3c
2468,3t7py1
2469,3t68a0
2470,3u86x5
2471,3rjo2s
2472,3s47y1
2473,3qcuok
2474,2x3msw
2475,3wyjx3
2476,3xxe1c
2477,3w1y7j
2478,3wzb2o
2479,3bjhhc
2480,3ble13
2481,3blswh
2482,3t68a0
2483,3shott
2484,3ued11
2485,365tvp
2486,2u5zkx
2487,2t8wnu
2488,3fnl0y
2489,3fvvp9
2490,3nuh7z
2491,2xasf3
2492,3hqb6q
2493,3i08jj
2494,353y5j
2495,3hyj1b
2496,3hvtwn
2497,3i1lu2
2498,2ts690
2499,3cnzsc
2500,3f0i8y
2501,3wij1b
2502,3vsssg
2503,30p6o0
2504,2zg76b
2505,3yptd8
2506,3xcv7p
2507,3vyr8d
2508,3y5al0
2509,3uwqzl
2510,3qd5ws
2511,3yrxyu
2512,2zmtxs
2513,30ca1o
2514,3m71sn
2515,3km9w9
2516,3dda67
2517,3d4ch4
2518,36v0ar
2519,4fguhs
2520,3a5h43
2521,2xwpjm
2522,3ft0hl
2523,3fn1v0
2524,3jc69a
2525,3sf26l
2526,3lvkj6
2527,3au9sk
2528,3b7rwc
2529,3a529g
2530,3dmck1
2531,3cagrh
2532,3cfdo4
2533,3eroi7
2534,3msesm
2535,3lv8o9
2536,3kzc88
2537,2vvbp6
2538,34imjf
2539,3dkcow
2540,3f2hg0
2541,3d8jg0
2542,2uqjof
2543,2waxtk
2544,3i1loz
2545,3fsrqh
2546,3v03wp
2547,3eu6e9
2548,3f9soi
2549,3wpuhm
2550,3wpu0b
2551,37gl8x
2552,34pp0k
2553,3470uc
2554,3dfju5
2555,31fd4z
2556,3az06m
2557,39fg0n
2558,2xwixa
2559,3iejqr
2560,3i7hwn
2561,3ql9wc
2562,2x6r4q
2563,33cfx0
2564,2zzlz0
2565,3brr5m
2566,3cdp4e
2567,3cbwin
2568,3ddxhd
2569,3f507u
2570,3d5hg8
2571,3zv48m
2572,34g1hc
2573,33xvs5
2574,2zi4wd
2575,3wzy3r
2576,3x8zab
2577,2skk1s
2578,2zp8n6
2579,3t3gk5
2580,3d8yrh
2581,34i9ks
2582,2zp18a
2583,30m5vd
2584,3d37p6
2585,3f9rz8
2586,3ysilq
2587,3t96ye
2588,3t7fcv
2589,3i1llh
2590,3hqbpa
2591,3hndhp
2592,3ij4va
2593,3fwc09
2594,3ioa0x
2595,3tzh42
2596,3t40th
2597,2xm5wm
2598,2y4uuz
2599,34q52b
2600,351rfj
2601,2wjdtk
2602,3ibwpt
2603,3fs46n
2604,3t32t3
2605,33p5ee
2606,323m04
2607,37iwsh
2608,3o1zqn
2609,3k6h9s
2610,3l7azd
2611,3ijwvf
2612,3fqhc7
2613,3fk3lz
2614,2rqpq4
2615,3buv02
2616,3ezmtc
2617,2w954o
2618,3aee86
2619,2t1q03
2620,396m4d
2621,3dio39
2622,3d988y
2623,3ddy8a
2624,3euapw
2625,3ejvqv
2626,3m6t1t
2627,3ja8se
2628,3lfxef
2629,2xcpj8
2630,3es2db
2631,3cfq28
2632,2t2uqg
2633,2tefne
2634,3iepin
2635,3bfksc
2636,2zkn0p
2637,2y1pwj
2638,2xs17j
2639,2x4y65
2640,3fynmt
2641,3hc4kg
2642,3fzbhf
2643,2rj2bt
2644,32kg4e
2645,31r1ea
2646,33jfza
2647,31vcbk
2648,31mrym
2649,36wcd0
2650,3xse3o
2651,3f8xio
2652,32kc9r
2653,311whm
2654,3cshqh
2655,3ek5kx
2656,3dwykj
2657,32uqbc
2658,37lt2q
2659,3x4h8u
2660,3uzu04
2661,3ygsr7
2662,3yexw9
2663,3qfekn
2664,2smoow
2665,3dw9gy
2666,3fzayz
2667,3g0uma
2668,34jcjy
2669,42lwaj
2670,3d7o5l
2671,3ciaw9
2672,3d9dv7
2673,3btntk
2674,3v9irc
2675,3vrskr
2676,3wugly
2677,2tarbs
2678,3jcuf8
2679,34wvnp
2680,3appuf
2681,2u70xp
2682,33gdy9
2683,37b6c4
2684,34hywb
2685,3m4k7n
2686,3lxpke
2687,3i1gfu
2688,3iny6a
2689,2y4ndl
2690,2y0vz7
2691,3d9332
2692,3e2qrm
2693,3d8zay
2694,3encnv
2695,3d9h15
2696,3cbcg1
2697,3f1jks
2698,3pql9z
2699,2z6j7w
2700,3cbuv8
2701,3dja46
2702,3dxiuz
2703,3d4xhs
2704,3g113g
2705,3gu880
2706,2x3zmc
2707,2z8fq8
2708,2zg07g
2709,3g0iy7
2710,3g0cot
2711,3bqhcb
2712,3di2uu
2713,33nv93
2714,3u2aj2
2715,4gy5dk
2716,3hoxhy
2717,3dv8p2
2718,3f0117
2719,3f9w4t
2720,3bu2du
2721,3gil9b
2722,31zvxe
2723,34cajf
2724,3wx5za
2725,3v3r7q
2726,3yg4vt
2727,3v7tl1
2728,3w9ul9
2729,3uzlyj
2730,3qa3gr
2731,3qgmwq
2732,3pi83b
2733,3onodw
2734,2zp8h4
2735,2y4oph
2736,30hrcu
2737,3e6n1o
2738,2vf1g2
2739,3qeugd
2740,3qful4
2741,42ttxw
2742,3ikxdx
2743,3ft88t
2744,3gyzty
2745,2sms8w
2746,3fvq21
2747,3i06nn
2748,2tejm0
2749,3h4bnb
2750,3fpw5z
2751,3yhusi
2752,3xash8
2753,3x1fd5
2754,3v3oii
2755,3hff2p
2756,3o7duo
2757,3dujwv
2758,3ev73j
2759,3errzg
2760,3bqwxi
2761,3ewnvx
2762,3eepc0
2763,3faym7
2764,3cff15
2765,3d96y6
2766,2xw6nx
2767,2zgnsn
2768,3e28hw
2769,30dbhu
2770,2zch57
2771,3dy2au
2772,3diy6e
2773,3dxnr4
2774,35pi4a
2775,3dm5wn
2776,3o0su4
2777,3j2slq
2778,3fb786
2779,3e189g
2780,3datck
2781,3euhwn
2782,3ekgrd
2783,3cnjhm
2784,3m474h
2785,3mf9yf
2786,3fbybk
2787,3fqoc3
2788,3kmrjb
2789,3442i4
2790,32440c
2791,33kyav
2792,3cajar
2793,3et3jb
2794,3d2epq
2795,3cjmhb
2796,3ejmp0
2797,3xtneu
2798,3wts9y
2799,3v1lui
2800,3ytg5p
2801,3xt2mm
2802,335djy
2803,3dw27d
2804,3dlfb9
2805,3di3gl
2806,2t60y5
2807,3kn6ve
2808,3lwk28
2809,49iif0
2810,31mlau
2811,3bmfff
2812,31v525
2813,2s7e1q
2814,3kzwsb
2815,2xlew2
2816,3k34km
2817,3rr1sx
2818,3tcpuc
2819,3u3dhd
2820,5v0z61
2821,5vuiw1
2822,5sh30i
2823,5t73me
2824,5vr2ko
2825,5t9ir4
2826,5rf0s7
2827,5rmodl
2828,5s6o04
2829,5ukusb
2830,5tzul4
2831,5tna54
2832,5voyw5
2833,5s017e
2834,5v5fn1
2835,5v6r7j
2836,5relrj
2837,5trhs7
2838,5s6o04
2839,5sftok
2840,6nzaxq
2841,6ltjpm
2842,6ll1xd
2843,5wxtak
2844,64lxyo
2845,66k9uo
2846,610kv7
2847,81yq4x
2848,84dkpm
2849,84vtx3
2850,6a42k1
2851,6kmxzn
2852,83zwhn
2853,6om4rg
2854,6cn0le
2855,83u5c8
2856,84eb5q
2857,82yehj
2858,86agak
2859,88apje
2860,85ugg6
2861,838x56
2862,7m7mr4
2863,7m7lf8
2864,7m8e4o
2865,7nwmwk
2866,841dug
2867,83rhoa
2868,84cqks
2869,83664z
2870,84blyp
2871,63uwlj
2872,6mvlr7
2873,6lizxg
2874,6kq4xk
2875,84d43e
2876,835rmg
2877,67kjwe
2878,81ff2d
2879,81f0d0
2880,82oyd0
2881,838ccr
2882,82xk02
2883,85gpr2
2884,86epsm
2885,5x36iv
2886,6lpfky
2887,6na6yp
2888,6l8xtj
2889,6lfax2
2890,6lk1mw
2891,64of6u
2892,639qm5
2893,6b3fp5
2894,66o96q
2895,6d0w0s
2896,6pjdsq
2897,6omf41
2898,6l8qyu
2899,6lpeya
2900,65c8xx
2901,6omfp9
2902,6nnx3s
2903,5z4srs
2904,81p2lj
2905,84m037
2906,88194v
2907,87npkq
2908,875ttn
2909,82gxuc
2910,84fw83
2911,6lcvsb
2912,6ldwka
2913,6lirgk
2914,85w2rh
2915,83rj5o
2916,86mj3x
2917,6ldcdv
2918,67xkc6
2919,6ark5x
2920,68rvtm
2921,6cnbmw
2922,6815ue
2923,7rw2uf
2924,7ryekc
2925,7rwm10
2926,7rwp97
2927,7rvgw7
2928,7ryj9x
2929,7rz9e9
2930,6ks7rf
2931,6mpbph
2932,8204kb
2933,83uwsf
2934,81zlpy
2935,84gc5n
2936,84z6t9
2937,7ked83
2938,7keahx
2939,7kdvoi
2940,880o77
2941,82yqu1
2942,81hiif
2943,6n81st
2944,6pwe4x
2945,6ab78i
2946,6b0zso
2947,83vj9s
2948,85rqbz
2949,86czvc
2950,873jbm
2951,8296mj
2952,8.72E+14
2953,88bkko
2954,7v90k3
2955,7v7bpc
2956,7v8i9j
2957,7wte61
2958,6lb8qb
2959,6p6k15
2960,6llk7b
2961,69jjpf
2962,60mh2t
2963,63rf7h
2964,6lcjdj
2965,6lh5l3
2966,6kjpn2
2967,87974s
2968,87is2u
2969,85k1ot
2970,828ew2
2971,6n4pji
2972,850a5t
2973,83p3mp
2974,82y6fy
2975,86lhqs
2976,6kkrzc
2977,6ldu28
2978,6ldvft
2979,6lef70
2980,6ob1df
2981,6ljh27
2982,6dr424
2983,6livug
2984,83osux
2985,85d13p
2986,82nin6
2987,85vbgk
2988,843w57
2989,6l8bxm
2990,83lruy
2991,872qax
2992,83v0ym
2993,6lbtuh
2994,84l69l
2995,81g9yz
2996,6ktmxq
2997,6lm0uo
2998,85auhm
2999,83858b
3000,68srd8
3001,7fizrs
3002,81u5ae
3003,7duzby
3004,7e1jo1
3005,6ldoje
3006,6la762
3007,83ujm7
3008,6o62cs
3009,6lifsm
3010,7mp3jm
3011,7mvpsw
3012,7mwdyv
3013,6klynh
3014,7nw5jn
3015,7osrlu
3016,86nvux
3017,87v6y0
3018,833obi
3019,85ewdz
3020,827t1r
3021,84sh2k
3022,82plu5
3023,87if70
3024,835rmg
3025,87ivaf
3026,81yl5f
3027,85sslg
3028,84v869
3029,7dpfmc
3030,6ldeh1
3031,6lk54k
3032,7e9zku
3033,7ez3x3
3034,81xntg
3035,85epwh
3036,81qodq
3037,84541j
3038,831651
3039,86g00c
3040,6kj8bo
3041,6laplz
3042,6ldis5
3043,84mtui
3044,7tkl4y
3045,7thvri
3046,7tml8p
3047,7tmgri
3048,7tmvma
3049,85sgbr
3050,84mvaq
3051,85unwy
3052,6lizg3
3053,6lhp8t
3054,6lg25o
3055,84238z
3056,82muwr
3057,82blj4
3058,86l6jn
3059,6li6jm
3060,6li9ox
3061,7xtbeg
3062,86koeq
3063,87sp58
3064,85bujd
3065,86cuix
3066,81mjc4
3067,87666i
3068,6ofdt6
3069,6liffj
3070,6p927p
3071,83x8ae
3072,88273s
3073,84f1e9
3074,8469i9
3075,7h9ll5
3076,7hbcxh
3077,6ljehu
3078,87y2kn
3079,7fyrg3
3080,868wxo
3081,827zqc
3082,85r05q
3083,85e690
3084,85l64r
3085,8393nf
3086,7iab3v
3087,7ibovt
3088,7if7a4
3089,7i97m3
3090,7ifk6p
3091,87oyei
3092,82yqu1
3093,7byc9d
3094,7a3b4u
3095,6z2bpy
3096,7gsmkd
3097,7gvbud
3098,7khifr
3099,7khk2r
3100,7hekiw
3101,7eh3cn
3102,7eir36
3103,7ejdsf
3104,7ejqnd
3105,7bslty
3106,7bui0r
3107,7buqya
3108,7e23y1
3109,7e92ou
3110,7j5xsq
3111,7j4y15
3112,7j705k
3113,7jcy2k
3114,7jcw9e
3115,73l8xo
3116,73m1m6
3117,751sl6
3118,7231lv
3119,725k91
3120,7247b8
3121,7qdwnf
3122,6xiux1
3123,79ffr2
3124,79hcvl
3125,7fwh4h
3126,7g4tpd
3127,7g4bi1
3128,7az4ng
3129,7b0bnd
3130,6ynxeq
3131,6yv46x
3132,782686
3133,738g6p
3134,7385un
3135,737jtv
3136,737c0f
3137,75fgm0
3138,757x7j
3139,75ipi6
3140,6y79tc
3141,7o40xs
3142,757loc
3143,7550mf
3144,75aecv
3145,79nbmw
3146,79k4h7
3147,79nhtf
3148,74cglo
3149,74gwuy
3150,7nmh1y
3151,7nm66c
3152,7nmald
3153,7s6p53
3154,7s1jv3
3155,7s7haa
3156,73rqxf
3157,73rqdp
3158,7487q1
3159,7qkic2
3160,7ql2ye
3161,7qjuqj
3162,7jz1y8
3163,7jzc85
3164,7k0x0s
3165,7ur3in
3166,7ussoh
3167,7utz7j
3168,74myow
3169,7oyc9n
3170,7ovtf7
3171,7p11ij
3172,7rijg7
3173,7nr3pl
3174,7nubgt
3175,7nv07m
3176,7nuklo
3177,7938a0
3178,7ak011
3179,7ag8e3
3180,7ajafw
3181,7ak89i
3182,7t53h8
3183,784vs2
3184,70tlrs
3185,7vesmh
3186,7venha
3187,7vhkuw
3188,7vdtpu
3189,78e8os
3190,78sqlr
3191,78we8y
3192,78vypc
3193,7x0v7j
3194,7wva1u
3195,72uoel
3196,72z5ll
3197,730gle
3198,7ugwnn
3199,7uf85w
3200,7uk9uj
3201,7yn41c
3202,7yjqp0
3203,7ymm33
3204,7ynst1
3205,7yox2m
3206,7ylols
3207,7yp9ue
3208,7kun30
3209,7kuor9
3210,6y9jey
3211,6ygm81
3212,6ygn2s
3213,7pi24b
3214,7pnync
3215,7p614y
3216,7p81bs
3217,7p9gub
3218,740zel
3219,763ly4
3220,7kyita
3221,7l1052
3222,76qq93
3223,7pdm7t
3224,7d9t25
3225,7dco29
3226,7ddcxo
3227,7ddnxi
3228,7wcftc
3229,7w95df
3230,75hst6
3231,75py29
3232,75puh1
3233,7hyfza
3234,7hz2sz
3235,71c5oy
3236,71c59o
3237,7pvh3c
3238,7txucn
3239,7twysq
3240,7u10fm
3241,7u20fb
3242,7u2qji
3243,7u3aoj
3244,7dig2z
3245,7sr7g5
3246,7svwo8
3247,7swahl
3248,7swiok
3249,7eptwl
3250,7eqzff
3251,7epyxy
3252,77fqkw
3253,6zun4j
3254,6zw6vw
3255,6zxmd4
3256,72t742
3257,7r1dny
3258,7ra87g
3259,7sk8es
3260,7jq33s
3261,7jros1
3262,7js7x7
3263,7w5evy
3264,7w6gzf
3265,7w7s7p
3266,76x2qb
3267,76zwtp
3268,7fs4mz
3269,7fvtqk
3270,7u8exi
3271,7u95c6
3272,7ubylt
3273,7701g7
3274,7xsx78
3275,7xx8hz
3276,7xt9uy
3277,7xgr60
3278,80eui1
3279,7jhv7b
3280,7jbncj
3281,7ts9jq
3282,7ts7yd
3283,7tu76m
3284,7ttwpf
3285,7tvimx
3286,725r4m
3287,72c823
3288,72c971
3289,726z13
3290,72d8za
3291,72cz64
3292,80ljx1
3293,80nl9a
3294,80nyig
3295,6gw5jd
3296,6gkv7s
3297,6gx5mn
3298,6fsq9i
3299,6g3ff7
3300,6gpyl0
3301,6fwzbr
3302,6ji9qg
3303,6gt7ze
3304,7zjp7r
3305,7zolgm
3306,7zoytx
3307,7z4ge1
3308,7z6i6t
3309,7gk313
3310,7gob75
3311,7gpaay
3312,7cn68w
3313,7cttwo
3314,7cqh4t
3315,7cvtbk
3316,7s8zov
3317,7sf9jm
3318,7sgb29
3319,7sh7lo
3320,7qq0s5
3321,7qquz5
3322,7qt1vk
3323,7qsqvg
3324,7qtuh7
3325,7vsqz3
3326,7vxk4v
3327,7vyfs3
3328,7vyy04
3329,6k8cop
3330,6gw57e
3331,6k0r02
3332,6gp544
3333,80uxcl
3334,80r3dh
3335,80ux5q
3336,80n64y
3337,80whbk
3338,80znvd
3339,6kffmo
3340,6kadpe
3341,6gz98s
3342,6fy4sf
3343,6k94es
3344,6jl7md
3345,6jik77
3346,6fxix8
3347,6gvzq6
3348,6j00fd
3349,6k1i5k
3350,6g2f49
3351,6gpcdp
3352,6iex4r
3353,6isu4f
3354,6g8659
3355,6grpwd
3356,6g5zo3
3357,6k19af
3358,6k6gkb
3359,6gtckz
3360,7g5li2
3361,6fyr2c
3362,6gyxrq
3363,6gtlfo
3364,6gn31h
3365,6jih0k
3366,6k3wtd
3367,6gu7no
3368,6jsney
3369,6iwzcc
3370,6jlpzz
3371,7yxjpy
3372,6ii0qj
3373,6jhrtm
3374,6ibjye
3375,6id7qk
3376,6go7y7
3377,6f497h
3378,6gpmf5
3379,6k4t9m
3380,6karux
3381,6kavyh
3382,6gokar
3383,6ispco
3384,6g27ts
3385,6gr4rf
3386,6jr4j2
3387,6isikk
3388,6jktdz
3389,6gzz20
3390,6kdcph
3391,6gyizq
3392,6j0r88
3393,6itjrk
3394,6ioc1n
3395,6grh28
3396,6fesna
3397,6fnc20
3398,6ig2tg
3399,6gtflk
3400,6j1nua
3401,6idcoh
3402,6gu3df
3403,6jl0ov
3404,6idfwe
3405,7z7fii
3406,7zc9dk
3407,7zeun3
3408,7zdcdu
3409,6g71ni
3410,6ijehd
3411,6ftfhv
3412,6gms6h
3413,6kggub
3414,6gxekr
3415,6gvek0
3416,6j0yru
3417,6jmr68
3418,6fxzvx
3419,6ip7s2
3420,6hi5mh
3421,6hlw8q
3422,6gtb5j
3423,6k4xbd
3424,6ig5t5
3425,6gx7g9
3426,6ipdd8
3427,6gofjt
3428,6gvpzd
3429,6h0czn
3430,6ip1qf
3431,6iyg6o
3432,6k8xqc
3433,6gpvwf
3434,6iia3x
3435,6k7r8a
3436,6k30qt
3437,6j01iz
3438,6gr8oy
3439,6k74rb
3440,6ih016
3441,6icqjd
3442,6ilwok
3443,6feiab
3444,6ikc78
3445,6ikjin
3446,6iluss
3447,6indaa
3448,6g5zo3
3449,6gul6j
3450,700ss9
3451,7086ss
3452,7086ss
3453,5omoco
3454,5os9cg
3455,5nokgg
3456,5pv8xg
3457,5owf8a
3458,5ozgm4
3459,5pji2g
3460,5ol66v
3461,5otlwe
3462,5n0s6j
3463,5olfcn
3464,5ptujb
3465,5m8kec
3466,5lrg8x
3467,5onnu6
3468,5olm8k
3469,5psslr
3470,5osi9l
3471,5pr26c
3472,5porm5
3473,5psg7e
3474,5prbfa
3475,5onvhg
3476,5os5j7
3477,5o9vtl
3478,5pfeem
3479,5qu4id
3480,5pj4qt
3481,5qdiaq
3482,5ori5x
3483,5pr86r
3484,5op5p7
3485,5pn9xt
3486,5oplah
3487,5qaobi
3488,5lzzz4
3489,5pj6mm
3490,5qbc1u
3491,5ppubz
3492,5pmfo5
3493,5pq4ib
3494,5pvfnp
3495,5r02ld
3496,5pjsb9
3497,5pmvhm
3498,5projp
3499,5pqxdb
3500,5osttp
3501,5q4vcg
3502,5p1d3a
3503,5pm0wk
3504,5oow7o
3505,5p39xx
3506,5phqsq
3507,5lx1t4
3508,5mwks5
3509,5pqyuy
3510,5pq3rl
3511,5pwrkg
3512,5ppvc8
3513,5ps622
3514,5osud3
3515,5ohzb1
3516,5pjcpu
3517,5phsuc
3518,5opqy7
3519,5otcnz
3520,5otvhl
3521,5ps6lt
3522,5plgje
3523,5onqsl
3524,5orl47
3525,5oxhfg
3526,5n10l8
3527,5pqanj
3528,5ou048
3529,5pre9y
3530,5psf94
3531,5os645
3532,5prz77
3533,5otg57
3534,5pnska
3535,5ptjt6
3536,5peyyd
3537,5prutb
3538,5ouibw
3539,5ou4zv
3540,5mthfy
3541,5pt3dt
3542,5ptvjh
3543,5pjsxi
3544,5r7a8k
3545,5plkkc
3546,5pldfr
3547,5pp6ff
3548,5qgtab
3549,5plhk7